{
  "train_loss": 648.5196533203125,
  "test_loss": 0.5783284306526184
}