{
  "train_loss": 648.5196533203125,
  "train_loss_avg": 0.5399830585514676,
  "test_loss": 664.3311767578125,
  "test_loss_avg": 0.5526881670198107
}