{
  "train_loss": 0.5035384297370911,
  "test_loss": 664.3311767578125,
  "test_loss_avg": 0.5526881670198107
}