{
  "rand_index": 0.8755798244145969,
  "adjusted_rand_index": 0.16341446050794423,
  "summary_kmeans_score": -1474.5450439453125,
  "content_kmeans_score": -1324.6781005859375,
  "k": 16,
  "num_posts": 2403,
  "random_state": 42,
  "num_differently_labelled_pairs": 359077
}